id_movimiento,ts,contenedor,codigo_iso,tipo,lleno,peso_bruto_kg,id_escala,id_cliente,movimiento,bloque_patio,clase_imo,temp_consigna_c
MOV00000001,2025-01-12 00:27:45,OOLU1061055,22T6,20 Tanque,S,15097,ESC-2025-000303,CLI0039,DESCARGA,B03-14,,
MOV00000002,2025-01-12 16:55:51,OOLU1061055,22T6,20 Tanque,S,15097,ESC-2025-000303,CLI0039,GATE_OUT,B22-03,,
MOV00000003,2025-01-12 10:17:45,ODLU5636541,22G1,20 DV,N,2200,ESC-2025-000303,CLI0141,DESCARGA,B07-20,,
MOV00000004,2025-01-15 10:53:27,ODLU5636541,22G1,20 DV,N,2200,ESC-2025-000303,CLI0141,GATE_OUT,B17-40,8,
MOV00000005,2025-01-12 06:21:45,OOLU9061107,45G1,40 HC,S,21843,ESC-2025-000303,CLI0235,DESCARGA,B19-19,,
MOV00000006,2025-01-13 09:59:58,OOLU9061107,45G1,40 HC,S,21843,ESC-2025-000303,CLI0235,GATE_OUT,B24-31,,
MOV00000007,2025-01-12 02:35:45,HUEU1059181,22G1,20 DV,S,27950,ESC-2025-000303,CLI0044,DESCARGA,B15-20,9,
MOV00000008,2025-01-14 07:40:55,HUEU1059181,22G1,20 DV,S,27950,ESC-2025-000303,CLI0044,GATE_OUT,B09-35,,
MOV00000009,2025-01-12 00:09:45,TNTU8049393,45G1,40 HC,S,17026,ESC-2025-000303,CLI0124,DESCARGA,B19-18,,
MOV00000010,2025-01-13 01:25:50,TNTU8049393,45G1,40 HC,S,17026,ESC-2025-000303,CLI0124,GATE_OUT,B21-07,,
MOV00000011,2025-01-12 12:27:45,YMLU4367847,22T6,20 Tanque,S,8676,ESC-2025-000303,CLI0196,DESCARGA,B01-10,,
MOV00000012,2025-01-15 11:23:00,YMLU4367847,22T6,20 Tanque,S,8676,ESC-2025-000303,CLI0196,GATE_OUT,B01-34,9,
MOV00000013,2025-01-12 07:49:45,MSKU1503854,45G1,40 HC,S,18912,ESC-2025-000303,CLI0284,DESCARGA,B05-37,,
MOV00000014,2025-01-16 04:30:40,MSKU1503854,45G1,40 HC,S,18912,ESC-2025-000303,CLI0284,GATE_OUT,B19-30,,
MOV00000015,2025-01-12 03:20:45,MSKU1879986,22G1,20 DV,S,13073,ESC-2025-000303,CLI0072,DESCARGA,B09-37,,
MOV00000016,2025-01-15 11:19:57,MSKU1879986,22G1,20 DV,S,13073,ESC-2025-000303,CLI0072,GATE_OUT,B19-08,,
MOV00000017,2025-01-12 12:16:45,HLCU4591281,22G1,20 DV,S,27366,ESC-2025-000303,CLI0183,DESCARGA,B08-20,,
MOV00000018,2025-01-12 20:33:44,HLCU4591281,22G1,20 DV,S,27366,ESC-2025-000303,CLI0183,GATE_OUT,B09-21,,
MOV00000019,2025-01-12 00:32:45,ODLU6661723,45G1,40 HC,S,8228,ESC-2025-000303,CLI0345,DESCARGA,B15-02,8,
MOV00000020,2025-01-14 14:46:22,ODLU6661723,45G1,40 HC,S,8228,ESC-2025-000303,CLI0345,GATE_OUT,B06-25,8,
MOV00000021,2025-01-12 12:34:45,EVRU1734580,45G1,40 HC,N,3900,ESC-2025-000303,CLI0241,DESCARGA,B11-16,9,
MOV00000022,2025-01-13 06:41:30,EVRU1734580,45G1,40 HC,N,3900,ESC-2025-000303,CLI0241,GATE_OUT,B02-34,8,
MOV00000023,2025-01-12 01:20:45,ZIMU5115038,22G1,20 DV,S,29455,ESC-2025-000303,CLI0332,DESCARGA,B18-12,,
MOV00000024,2025-01-13 18:08:28,ZIMU5115038,22G1,20 DV,S,29455,ESC-2025-000303,CLI0332,GATE_OUT,B17-35,9,
MOV00000025,2025-01-12 05:18:45,OOLU4698638,22G1,20 DV,S,10595,ESC-2025-000303,CLI0243,DESCARGA,B14-30,3,
MOV00000026,2025-01-12 13:00:55,OOLU4698638,22G1,20 DV,S,10595,ESC-2025-000303,CLI0243,GATE_OUT,B12-26,,
MOV00000027,2025-01-12 06:30:45,EVRU2025280,45G1,40 HC,N,3900,ESC-2025-000303,CLI0183,DESCARGA,B16-15,,
MOV00000028,2025-01-15 07:44:28,EVRU2025280,45G1,40 HC,N,3900,ESC-2025-000303,CLI0183,GATE_OUT,B06-12,,
MOV00000029,2025-01-12 06:01:45,EVRU3642158,45R1,40 Reefer,S,10793,ESC-2025-000303,CLI0109,DESCARGA,B13-21,,11.9
MOV00000030,2025-01-15 08:59:53,EVRU3642158,45R1,40 Reefer,S,10793,ESC-2025-000303,CLI0109,GATE_OUT,B22-31,8,11.9
