fecha,id_cliente,nps,comentario
2024-04-06,CLI0001,6,publicadas las tarifas del próximo año
2024-09-01,CLI0001,8,puntualidad en el atraque
2024-12-24,CLI0001,7,reunión sobre la ampliación del muelle sur
2025-02-23,CLI0001,10,rapidez en la descarga
2025-04-02,CLI0001,9,muy buena atención comercial
2025-08-24,CLI0001,7,nuevo servicio semanal con Canarias
2025-03-10,CLI0002,6,nuevo servicio semanal con Canarias
2025-09-02,CLI0002,3,la grúa vuelve a estar parada
2024-02-18,CLI0003,9,la campaña de fresa ha ido genial
2024-06-02,CLI0003,10,cadena de frío perfecta
2024-09-07,CLI0003,8,cadena de frío perfecta
2025-02-08,CLI0003,8,muy buena atención comercial
2025-07-26,CLI0003,8,gran trabajo del equipo de estiba
2025-10-18,CLI0003,6,nuevo servicio semanal con Canarias
2024-09-13,CLI0004,9,la campaña de fresa ha ido genial
2024-12-27,CLI0004,8,puntualidad en el atraque
2025-03-24,CLI0004,8,muy buena atención comercial
2025-04-04,CLI0004,5,retrasos en la descarga de contenedores
2025-08-25,CLI0004,8,cadena de frío perfecta
2025-10-16,CLI0004,10,excelente coordinación con la terminal
2024-09-08,CLI0005,10,la campaña de fresa ha ido genial
2025-02-13,CLI0005,10,puntualidad en el atraque
2025-06-28,CLI0005,8,rapidez en la descarga
2025-07-03,CLI0005,8,operativa impecable
2024-01-18,CLI0006,6,publicadas las tarifas del próximo año
2024-07-26,CLI0006,10,operativa impecable
2025-05-10,CLI0006,9,rapidez en la descarga
2025-07-11,CLI0006,6,
2024-07-16,CLI0007,10,la campaña de fresa ha ido genial
2025-01-08,CLI0007,6,reunión sobre la ampliación del muelle sur
