mes,operador,segmento,toneladas,tarifa_media_eur_t,espera_media_h,cuota_pct
2024-01,TML Huelva (nosotros),granel_liquido,313496,1.78,6.0,34.2
2024-01,Terminal Guadiana,granel_liquido,224718,1.85,7.2,24.5
2024-01,Puerto Bahía Sur,granel_liquido,231937,1.81,6.6,23.6
2024-01,Terminal Atlántico Norte,granel_liquido,147958,1.71,8.5,16.0
2024-01,TML Huelva (nosotros),granel_solido,223465,3.44,7.7,35.1
2024-01,Terminal Guadiana,granel_solido,149307,3.39,7.1,23.5
2024-01,Puerto Bahía Sur,granel_solido,166744,3.16,6.0,27.4
2024-01,Terminal Atlántico Norte,granel_solido,104781,3.53,8.2,17.3
2024-01,TML Huelva (nosotros),contenedores,60574,10.6,6.6,33.7
2024-01,Terminal Guadiana,contenedores,42570,10.38,7.8,24.7
2024-01,Puerto Bahía Sur,contenedores,46654,10.72,7.8,25.8
2024-01,Terminal Atlántico Norte,contenedores,31403,9.38,8.1,16.7
2024-01,TML Huelva (nosotros),fruta_refrigerada,19335,15.46,5.6,33.0
2024-01,Terminal Guadiana,fruta_refrigerada,15003,14.67,6.2,25.1
2024-01,Puerto Bahía Sur,fruta_refrigerada,15981,16.16,6.2,26.0
2024-01,Terminal Atlántico Norte,fruta_refrigerada,8906,13.99,8.8,14.2
2024-01,TML Huelva (nosotros),ro_ro,29384,6.98,5.7,33.7
2024-01,Terminal Guadiana,ro_ro,22120,7.86,8.7,24.0
2024-01,Puerto Bahía Sur,ro_ro,23588,7.99,5.8,27.0
2024-01,Terminal Atlántico Norte,ro_ro,15694,7.5,7.5,17.5
2024-02,TML Huelva (nosotros),granel_liquido,328389,1.55,5.9,34.9
2024-02,Terminal Guadiana,granel_liquido,211608,1.63,5.6,23.2
2024-02,Puerto Bahía Sur,granel_liquido,233765,1.74,7.6,25.1
2024-02,Terminal Atlántico Norte,granel_liquido,165855,1.77,8.1,18.0
2024-02,TML Huelva (nosotros),granel_solido,225455,3.51,7.3,34.7
2024-02,Terminal Guadiana,granel_solido,148018,3.21,8.6,24.9
2024-02,Puerto Bahía Sur,granel_solido,163953,3.64,5.3,25.6
2024-02,Terminal Atlántico Norte,granel_solido,95992,3.36,8.2,14.8
2024-02,TML Huelva (nosotros),contenedores,58133,10.25,7.5,32.6
2024-02,Terminal Guadiana,contenedores,46762,10.76,7.8,26.4
