cod_servicio,nombre,familia,unidad,tarifa_base_eur,coste_unitario_eur
S01,Estiba/desestiba contenedor,contenedores,TEU,95.0,61.0
S02,Almacenaje contenedor en patio,contenedores,TEU-día,6.5,2.1
S03,Conexión reefer,fruta_refrigerada,contenedor-día,38.0,19.0
S04,Manipulación fruta refrigerada,fruta_refrigerada,t,14.0,7.5
S05,Carga/descarga granel sólido,granel_solido,t,3.2,2.2
S06,Almacenaje granel sólido,granel_solido,t-mes,1.1,0.4
S07,Trasiego granel líquido,granel_liquido,t,1.6,0.9
S08,Almacenaje en tanque,granel_liquido,m3-mes,2.4,1.0
S09,Operación ro-ro,ro_ro,unidad,42.0,25.0
S10,Carga general,carga_general,t,8.5,5.6
S11,Pesaje VGM,contenedores,contenedor,25.0,9.0
S12,Inspección fitosanitaria (gestión),fruta_refrigerada,expediente,120.0,70.0
S13,Consigna y agencia,general,escala,650.0,380.0
S14,Alquiler de grúa móvil,general,hora,210.0,150.0
S15,Gestión aduanera,general,expediente,85.0,40.0
