num_factura;linea;fecha;id_cliente;cod_servicio;cantidad;precio_unitario;descuento_pct;importe;divisa;comercial
F2025-000001;1;15/07/2025;CLI0268;S15;1,00;86,34;15;73,39;EUR;C01-Marta
F2025-000001;2;15/07/2025;CLI0268;S10;80,61;8,96;0;722,27;EUR;C03-Lucía
F2025-000001;3;15/07/2025;CLI0268;S10;1993,10;8,56;5;16207,89;EUR;C05-Rocío
F2025-000001;4;15/07/2025;CLI0268;S10;62,66;8,66;10;488,37;EUR;C04-Andrés
F2025-000002;1;26/06/2025;CLI0371;S05;98,89;3,31;0;327,33;EUR;C04-Andrés
F2025-000003;1;21/04/2025;CLI0220;S14;13,00;222,09;0;2887,17;EUR;C05-Rocío
F2025-000004;1;24/05/2025;CLI0213;S01;238,89;97,99;10;21067,95;EUR;C03-Lucía
F2025-000004;2;24/05/2025;CLI0213;S14;7,00;226,21;0;1583,47;EUR;C04-Andrés
F2025-000004;3;24/05/2025;CLI0213;S11;20,68;26,83;0;554,84;EUR;C01-Marta
F2025-000004;4;24/05/2025;CLI0213;S11;52,26;25,53;5;1267,49;EUR;C04-Andrés
F2025-000005;1;27/07/2025;CLI0392;S02;310,44;6,58;0;2042,70;EUR;C03-Lucía
F2025-000005;2;27/07/2025;CLI0392;S11;29,03;24,60;0;714,14;EUR;C01-Marta
F2025-000005;3;27/07/2025;CLI0392;S13;1,00;691,16;5;656,60;EUR;C02-Javier
F2025-000006;1;26/01/2025;CLI0336;S13;1,00;649,98;0;649,98;EUR;C03-Lucía
F2025-000006;1;26/01/2025;CLI0336;S13;1,00;649,98;0;649,98;EUR;C03-Lucía
F2025-000007;1;20/08/2025;CLI0052;S09;186,13;43,69;0;8132,02;EUR;C01-Marta
F2025-000008;1;27/03/2025;CLI0144;S11;18,32;26,53;5;461,73;EUR;C01-Marta
F2025-000009;1;03/06/2025;CLI0384;S08;1044,50;2,53;0;2642,58;EUR;C05-Rocío
F2025-000009;2;03/06/2025;CLI0384;S07;228,03;1,73;0;394,49;EUR;C01-Marta
F2025-000009;3;03/06/2025;CLI0384;S08;1598,56;2,49;5;3781,39;EUR;C04-Andrés
F2025-000010;1;26/11/2025;CLI0192;S13;1,00;699,53;0;699,53;EUR;C03-Lucía
F2025-000010;2;26/11/2025;CLI0192;S13;1,00;665,98;0;665,98;EUR;C02-Javier
F2025-000011;1;14/11/2025;CLI0052;S09;135,68;43,42;10;5302,10;EUR;C03-Lucía
F2025-000012;1;05/10/2025;CLI0172;S08;2719,38;2,52;0;6852,84;EUR;C04-Andrés
F2025-000012;2;05/10/2025;CLI0172;S07;78,26;1,65;0;129,13;EUR;C02-Javier
F2025-000013;1;05/09/2025;CLI0242;S10;85,37;8,70;5;705,58;EUR;C04-Andrés
F2025-000014;1;18/05/2025;CLI0176;S09;150,69;42,87;0;6460,08;EUR;C04-Andrés
F2025-000014;2;18/05/2025;CLI0176;S09;64,09;47,81;0;3064,45;USD;C05-Rocío
F2025-000014;3;18/05/2025;CLI0176;S09;108,45;41,21;0;4469,22;EUR;C01-Marta
F2025-000014;4;18/05/2025;CLI0176;S09;100,60;46,64;0;4692,02;USD;C02-Javier
