palabra,polaridad
agil,1
atencion,1
averia,-2
buen,1
buena,1
bueno,1
calidad,1
cancelado,-2
caos,-2
cara,-1
caro,-1
cola,-1
colas,-1
congestion,-2
coordinacion,1
crecimiento,1
decepcion,-2
desastre,-3
eficaz,1
eficiente,1
enhorabuena,2
espera,-1
esperas,-1
excelente,2
exito,2
fallo,-2
fallos,-2
felicidades,2
fiable,1
genial,2
gracias,1
gran,1
horrible,-3
huelga,-2
impecable,2
inaceptable,-3
incidencia,-1
interminables,-2
lenta,-2
lento,-2
mala,-2
malo,-2
mejor,1
mejora,1
parada,-1
parado,-1
perdida,-2
perdimos,-2
perfecta,2
perfecto,2
pesima,-3
pesimo,-3
planteando,-1
problema,-1
problemas,-1
profesional,1
profesionales,1
puntual,1
puntualidad,1
queja,-2
quejas,-2
rapida,1
rapidez,1
rapido,1
recomendable,2
record,1
retraso,-2
retrasos,-2
satisfecho,2
satisfechos,2
tarde,-1
